Model,P_m (mean ratio),V_P (COV),n_used,phi (LRFD),Omega (ASD),C_P,V_P_eff (with floor),sigma_ln
Adaptive Boosting Regressor (AdaBoost),1.0003669116358678,0.009684689148832876,432,0.9028213710944462,1.7722221152789044,1.0023256190312444,0.065,0.24664716852298751
Light Gradient Boosting Machine (LightGBM),1.0000147953314678,0.026583769981031524,432,0.9025035895674631,1.772846134348143,1.0023256190312444,0.065,0.24664716852298751
Extreme Gradient Boosting (XGBoost),0.9983004975567517,0.019368439436111967,432,0.9009564525625992,1.775890494428565,1.0023256190312444,0.065,0.24664716852298751
Categorical Boosting (CatBoost),0.9982044090150053,0.00981591523422184,432,0.9008697335917926,1.7760614441121867,1.0023256190312444,0.065,0.24664716852298751
Gradient Boosting Regressor (GBR),0.9946823719862391,0.033324253460951636,432,0.8976911295592419,1.7823502397596214,1.0023256190312444,0.065,0.24664716852298751
Random Forest Regressor (RF),0.9154850943451969,0.1814504218086004,432,0.7242522007633728,2.209175199348481,1.0023256190312444,0.1814504218086004,0.29933396875375284
